id;nombre
1;Víctor Fernández
2;Marta Álvarez
3;Ana Muñoz
4;Paula Ruiz
5;Paula Pérez
6;Elena Díaz
7;Ana Álvarez
8;Pablo Hernández
9;Lucía Fernández
10;Noelia Pérez
11;Alberto Fernández
12;Diego Gómez
13;Hugo García
14;Bea Martín
15;Noelia Romero
16;Alberto Muñoz
17;Sergio Gómez
18;Daniel Alonso
19;Carmen Ortega
20;Ana Díaz
21;Luis Fernández
22;Carmen Romero
23;Lucía Navarro
24;María Sánchez
25;Irene Hernández
26;Carmen Álvarez
27;Noelia Sánchez
28;Elena López
29;Hugo Sánchez
30;Pablo Ruiz
31;Carlos Ruiz
32;David Sánchez
33;David Navarro
34;Jorge Sánchez
35;Daniel Romero
36;María Martín
37;Víctor López
38;Víctor Muñoz
39;Lucía Pérez
40;Víctor Gómez
41;Pablo Muñoz
42;Alberto Ruiz
43;Víctor García
44;Elena García
45;Paula Gómez
46;Laura García
47;Daniel Alonso
48;Lucía Martín
49;Laura Hernández
50;Lucía Romero
51;Marta Moreno
52;Luis Sánchez
53;Diego Díaz
54;Hugo Muñoz
55;Irene Martín
56;Diego Gómez
57;Carlos Fernández
58;Bea Hernández
59;Luis Castro
60;Elena Ortega
61;Noelia Martín
62;Irene Pérez
63;Raúl Álvarez
64;Raúl Navarro
65;Ana Pérez
66;Raúl Álvarez
67;Noelia Pérez
68;Carmen Romero
69;Elena Ortega
70;Elena Martínez
71;Daniel Fernández
72;Alberto Hernández
73;David López
74;Elena Pérez
75;Irene Hernández
76;Raúl Castro
77;Daniel Alonso
78;David Fernández
79;Raúl Muñoz
80;Lucía Fernández
81;Sergio Navarro
82;Alberto Muñoz
83;David Álvarez
84;Carlos López
85;Sofía Sánchez
86;Sergio Martín
87;Carlos Navarro
88;Hugo Hernández
89;Hugo López
90;Bea Castro
91;Irene Pérez
92;Hugo Hernández
93;Daniel Gómez
94;María Hernández
95;Víctor Gómez
96;Noelia López
97;Laura Pérez
98;Carlos Vega
99;Víctor Alonso
100;Laura Alonso
101;Daniel Navarro
102;Lucía Romero
103;Elena Ruiz
104;Carlos García
105;Elena Navarro
106;Carlos Ruiz
107;Daniel Gómez
108;Sergio Alonso
109;Paula Hernández
110;Sofía Hernández
111;Daniel Díaz
112;Carmen Gómez
113;Jorge Sánchez
114;Marta Vega
115;Víctor Álvarez
116;Alberto Martínez
117;Jorge García
118;Carlos Pérez
119;Irene Ortega
120;Raúl Hernández
121;Raúl Díaz
122;Víctor Sánchez
123;Carlos Sánchez
124;Pablo Vega
125;Sofía Moreno
126;Carmen López
127;Jorge Alonso
128;Sergio Hernández
129;Carmen Muñoz
130;Noelia Romero
131;Marta Romero
132;Noelia Martínez
133;Daniel Ruiz
134;Sergio Ortega
135;Ana Álvarez
136;Laura Martínez
137;Sergio Álvarez
138;Jorge Díaz
139;David Martín
140;Carlos Romero
141;Pablo Castro
142;Sergio Ortega
143;Laura Álvarez
144;Elena López
145;Luis Fernández
146;Raúl Hernández
147;Marta Moreno
148;Marta Álvarez
149;Carlos Romero
150;Luis Ortega
151;Pablo Vega
152;Ana Fernández
153;Pablo Martínez
154;Diego Álvarez
155;Laura Álvarez
156;Marta Hernández
157;Sergio Ortega
158;Irene Martín
159;Raúl Ortega
160;Raúl Vega
161;Lucía Ortega
162;Raúl Álvarez
163;Diego Romero
164;Jorge Muñoz
165;Raúl López
166;Bea Moreno
167;Lucía García
168;Alberto Navarro
169;Daniel Vega
170;Bea Navarro
171;Pablo Muñoz
172;Noelia Martín
173;Laura Álvarez
174;Paula Pérez
175;Irene García
176;Elena Ruiz
177;Raúl Castro
178;Sergio Pérez
179;Elena Hernández
180;Marta Hernández
181;Sergio Fernández
182;Luis Romero
183;Víctor Gómez
184;Alberto Hernández
185;David Moreno
186;Alberto Pérez
187;Luis Gómez
188;Sofía López
189;Carmen Muñoz
190;Ana Pérez
191;Alberto Díaz
192;Jorge Pérez
193;Irene Ruiz
194;Hugo Martínez
195;Laura Muñoz
196;Irene Alonso
197;Lucía Ruiz
198;Irene Sánchez
199;María López
200;Noelia Navarro
201;Marta Muñoz
202;Luis Díaz
203;Carlos Muñoz
204;Jorge Ruiz
205;Carmen Díaz
206;Luis Muñoz
207;Víctor Alonso
208;Laura Alonso
209;Alberto Gómez
210;Ana López
211;Raúl Díaz
212;Noelia Pérez
213;Raúl López
214;Raúl Castro
215;Hugo Vega
216;Carlos Martínez
217;Lucía Castro
218;Lucía Sánchez
219;Irene Martínez
220;Pablo Romero
221;Sofía López
222;Hugo Hernández
223;Lucía Alonso
224;Laura Díaz
225;Carmen Pérez
226;Jorge Hernández
227;Bea García
228;Alberto Romero
229;Irene Vega
230;Carlos Sánchez
231;Paula García
232;Víctor Hernández
233;Marta Fernández
234;Diego Hernández
235;Noelia López
236;Daniel López
237;Lucía Martínez
238;Lucía Moreno
239;Luis Moreno
240;Noelia García
241;Diego Vega
242;Bea Martínez
243;David Romero
244;Alberto Álvarez
245;Lucía García
246;Elena Díaz
247;Laura Álvarez
248;Carmen López
249;Carmen Gómez
250;Alberto Castro
251;Raúl Díaz
252;Pablo Moreno
253;María Díaz
254;Carmen Ruiz
255;Jorge Sánchez
256;Marta Vega
257;Carmen López
258;Sofía Ortega
259;Bea García
260;Hugo Muñoz
261;Diego Navarro
262;Marta Moreno
263;Víctor Álvarez
264;Marta López
265;Bea Moreno
266;Hugo Hernández
267;Elena Sánchez
268;David Gómez
269;Ana Díaz
270;Bea Muñoz
271;Luis Martínez
272;Laura Castro
273;Elena Álvarez
274;Carlos Alonso
275;Jorge Díaz
276;Sofía Ruiz
277;Diego Alonso
278;Carmen Moreno
279;María Sánchez
280;Diego Fernández
281;Daniel López
282;Sofía García
283;Diego Hernández
284;Marta Alonso
285;Pablo Martín
286;Elena Castro
287;Paula Martín
288;Marta Vega
289;Luis Martínez
290;Ana Muñoz
291;María Pérez
292;Ana Muñoz
293;Carmen Moreno
294;Marta Alonso
295;Pablo Ruiz
296;Sergio Pérez
297;Diego Hernández
298;Marta Gómez
299;Laura Navarro
300;Paula Álvarez
301;Carmen Moreno
302;Hugo Sánchez
303;Marta Pérez
304;Luis Vega
305;Pablo Hernández
306;Víctor Muñoz
307;Laura Álvarez
308;Sofía Hernández
309;Sergio Pérez
310;Sergio Ruiz
311;Hugo Fernández
312;Laura Moreno
313;Sergio Díaz
314;Lucía Ortega
315;Paula López
316;María Moreno
317;Raúl Vega
318;Marta Romero
319;David Fernández
320;Irene Díaz
321;Hugo Romero
322;Pablo Castro
323;María Martín
324;Irene Romero
325;Sofía García
326;María Ortega
327;Paula García
328;Sofía Ortega
329;Pablo Martínez
330;Víctor Romero
331;Daniel Álvarez
332;María Alonso
333;Daniel Vega
334;Marta Sánchez
335;Pablo Martínez
336;Carlos Pérez
337;María López
338;Marta Gómez
339;Sofía Moreno
340;Carmen Hernández
341;David Castro
342;Marta Moreno
343;Luis Castro
344;María Ortega
345;Pablo García
346;Carmen Martínez
347;Lucía Martín
348;Marta Ortega
349;Ana Vega
350;Laura Álvarez
351;María Muñoz
352;Carmen Martín
353;Raúl Gómez
354;Bea Ortega
355;Irene Alonso
356;Diego Alonso
357;Víctor Fernández
358;Paula Castro
359;Diego Vega
360;Marta Álvarez
361;Carmen Moreno
362;Hugo Navarro
363;Raúl Pérez
364;Bea Martín
365;Bea Hernández
366;Marta Ortega
367;Jorge Álvarez
368;Paula Díaz
369;Carlos Martín
370;Pablo Navarro
371;Carmen García
372;Jorge Álvarez
373;Bea Romero
374;Sergio Vega
375;Diego Ruiz
376;Luis Alonso
377;Daniel Navarro
378;Jorge Romero
379;Alberto Romero
380;Ana López
381;Víctor García
382;María Hernández
383;Pablo Hernández
384;Elena Sánchez
385;Jorge Álvarez
386;Elena García
387;Pablo Vega
388;Daniel Castro
389;María Hernández
390;Sofía García
391;Ana López
392;Lucía Martín
393;Sofía Hernández
394;Laura Romero
395;Carmen García
396;Carlos Vega
397;Carlos Ortega
398;Noelia López
399;Lucía Sánchez
400;Hugo Moreno
